2024001;CALC101
2024002;CALC101
2024003;CALC101
2024004;CALC101
2024005;CALC102
2024006;CALC101
2024007;CALC101
2024008;CALC101
2024009;CALC101
2024010;CALC101
2024011;CALC101
2024012;CALC101
2024013;CALC101
2024014;CALC101
2024015;CALC101
2024016;CALC101
2024017;CALC101
2024018;CALC101
2024019;CALC101
2024020;CALC101
2024021;CALC101
2024022;CALC101
2024023;CALC101
2024024;CALC101
2024025;CALC102
2024026;CALC101
2024027;CALC101
2024028;CALC101
2024029;CALC101
2024030;CALC101
2024031;CALC101
2024032;CALC101
2024033;CALC101
2024034;CALC101
2024035;CALC102
2024036;CALC101
2024037;CALC101
2024038;CALC101
2024039;CALC101
2024040;CALC101
2024041;CALC101
2024042;CALC101
2024043;CALC101
2024044;CALC101
2024045;CALC102
2024046;CALC101
2024047;CALC101
2024048;CALC101
2024049;CALC101
2024050;CALC101
